------------------  PESSOA -----------------

INSERT INTO pessoa
VALUES (88099179447,'Rua João Alberto Capiberibe 222');

INSERT INTO pessoa
VALUES (61185398716 ,'Rua Poços 444');

INSERT INTO pessoa
VALUES (12100542800 ,'Rua São José 334');

INSERT INTO pessoa
VALUES (26516817170 ,'Rua da Estrela 2020');

INSERT INTO pessoa
VALUES (52284507506 ,'Rua Governador Peixoto 660');

INSERT INTO pessoa
VALUES (27015034859,'Rua Coronel São José 2222');

INSERT INTO pessoa
VALUES (97749917292 ,'Rua da Aurora 9234');

INSERT INTO pessoa
VALUES (53090450828 ,'Rua da Moeda 66');

INSERT INTO pessoa
VALUES (77729396475 ,'Rua Presidente Vargas 305');

INSERT INTO pessoa
VALUES (31833364562 ,'Rua Água Clara 904');

------------------  TELEFONE -----------------

INSERT INTO telefone
VALUES (88099179447, 984151508);

INSERT INTO telefone
VALUES (61185398716, 996883441);

INSERT INTO telefone
VALUES (12100542800, 993607376);

INSERT INTO telefone
VALUES (26516817170, 997799482);

INSERT INTO telefone
VALUES (52284507506, 984142509);

INSERT INTO telefone
VALUES (27015034859, 984151508);

INSERT INTO telefone
VALUES (97749917292, 996883441);

INSERT INTO telefone
VALUES (53090450828, 993607376);

INSERT INTO telefone
VALUES (77729396475, 997799482);

INSERT INTO telefone
VALUES (31833364562, 984142509);

------------------  VEICULO  -----------------

INSERT INTO veiculo
VALUES ('1H1 4p3y2j v1 5d2383', 'hb20', 'honda',60000 , 2015);

INSERT INTO veiculo
VALUES ('4SP Z8WvAA m5 7l9853', 'civic', 'honda', 45000, 2015);

INSERT INTO veiculo
VALUES ('5GV ta5fJB MD Vt8329', 'corolla', 'toyota',30000 , 2015);

INSERT INTO veiculo
VALUES ('7Vy AU4Mk1 TH gX8985', 'palio', 'fiat', 20000, 2009);

INSERT INTO veiculo
VALUES ('4w2 jm67E2 X0 U26008', 'celta', 'chevrolet', 10000, 2001);

------------------  VENDEDOR  -----------------

INSERT INTO vendedor
VALUES (88099179447, 782456);

INSERT INTO vendedor
VALUES (61185398716, 049654);

INSERT INTO vendedor
VALUES (12100542800, 264026);

INSERT INTO vendedor
VALUES (26516817170, 326804);

INSERT INTO vendedor
VALUES (52284507506, 934254);

------------------  CLIENTE  -----------------

INSERT INTO cliente
VALUES (27015034859, NULL);

INSERT INTO cliente
VALUES (97749917292, 27015034859);

INSERT INTO cliente
VALUES (53090450828, 97749917292);

INSERT INTO cliente
VALUES (77729396475, NULL);

INSERT INTO cliente
VALUES (31833364562, NULL);

------------------  CARTAO  -----------------

INSERT INTO cartao
VALUES (5584452808111922, 'ROBERTO ALMEIDA', 0626, 232, 27015034859);

INSERT INTO cartao
VALUES (6011694838664633, 'WAGNER SILVA', 0124, 023, 97749917292);

INSERT INTO cartao
VALUES (5265651801465237, 'ANDERSON MENDES', 1123, 322, 53090450828);

INSERT INTO cartao
VALUES (4159381357744163, 'KEVIN EDSON', 0425, 512, 77729396475);

INSERT INTO cartao
VALUES (4478329677346635, 'LUCAS CARVALHO', 1027, 731, 31833364562);

------------------  VENDA  -----------------

INSERT INTO venda
VALUES (88099179447, 27015034859, '1H1 4p3y2j v1 5d2383', 10, 36549992000158);

INSERT INTO venda
VALUES (61185398716, 97749917292, '4SP Z8WvAA m5 7l9853', 8, 05153373000116);

INSERT INTO venda
VALUES (12100542800, 53090450828, '5GV ta5fJB MD Vt8329', 9, 86141242000110);

INSERT INTO venda
VALUES (26516817170, 77729396475, '7Vy AU4Mk1 TH gX8985', 7, 63960655000121);

INSERT INTO venda
VALUES (52284507506, 31833364562, '4w2 jm67E2 X0 U26008', 3, 14713650000199);

------------------  SEGURO  -----------------

INSERT INTO seguro
VALUES ('1H1 4p3y2j v1 5d2383', 'completo', 6000, 02052021, 02052022);

INSERT INTO seguro
VALUES ('4SP Z8WvAA m5 7l9853', 'auto roubo', 10000, 13072021, 13072023);

INSERT INTO seguro
VALUES ('5GV ta5fJB MD Vt8329', 'comleto', 4000, 23112021, 23112022);

INSERT INTO seguro
VALUES ('7Vy AU4Mk1 TH gX8985', 'terceiros', 3000, 10092020, 02052021);

INSERT INTO seguro
VALUES ('4w2 jm67E2 X0 U26008', 'completo', 1500, 06012018, 02052019);
